SIAPE,Nome
30573,Adelino Pataro
14604,Adriane Segadilha
58530,Ailton França
51881,Alana Hugo
31786,Alexsandro Antonio
53062,Alfredo Lazera
16262,Alvaro Sousa
84786,Ana Gil
51988,Andreia Henriques
93596,Andressa Rente
91278,Andreza Arouca
18241,Anna Tarragó
18663,Aparecida Soriano
96126,Arnôr Araripe
32390,Athos Gonzalez
27989,Átila Garcez
81268,Brenno Liporace
28530,Caio Belchot
35992,Camila Corpas
59657,Camilla Akio
25910,Cassandra Kirk
48289,Cassio Allevato
63041,Catarina Wajnberg
17220,Cesar Miehrig
28019,Chrislaine Arineli
26674,Cleo Gabrielen
62782,Daniel Lanssoni
46185,Danielle Eliza
23077,Dayna Dória
62938,Dykson Caffaro
88416,Edgard Luis
89248,Elaine Rochlin
96392,Elizeu Junqueira
30401,Elvis Magno
13469,Eric Pastore
25574,Erick Bozi
11691,Fabiane Melloni
41123,Fabiano Talbot
94055,Fabio Tozatto
83497,Fabricio Paula
44845,Fellipe Troccoli
70945,Flávio Curi
31470,Frederico Scofield
70457,Gabryela Netto
23460,Guido Bailly
72055,Hanielle Otavio
51568,Hannah Rachel
63295,Ighor Jung
45226,Igor Augusta
15977,Iris Lacê
62232,Isis Gaglianone
56628,Jackson Ramalho
97968,Jade Sodre
15894,Jeane Milane
77936,Jessica Cecilia
36985,Jeter Vicente
42128,Joāo Antunes
13544,Jonathas Nascimento
80845,Júlia Quercetti
95596,Juliana Chamoun
32067,Júlio Moura
82604,Julliana Turnes
31211,Kaio Bassani
73325,Karen Zobaran
26010,Karina Motta
77410,Kassia Burd
45924,Katharina Varela
27057,Laiza Pedrazza
65718,Layssa Glioche
53163,Leticia Negreiros
72977,Livia Riff
38081,Liz Mainente
56056,Lorena Pozzetti
71337,Loreni Silotti
41362,Luana Patricia
89461,Luís Quelha
91486,Luísa Leal
31924,Luiz Graham
60419,Luiza Angelo
91230,Luíza Padilha
61244,Luize Greenman
22347,Marcelle Accardo
10052,Marcello Mathias
49333,Marcia Pessanha
37430,Marco Barra
61414,Marisol Miura
63355,Matheus Marcelo
46693,Mônica Pinheiro
10607,Murillo Filiphe
85507,Myllena Van
36194,Nathália Benévolo
32516,Neilton Franca
45601,Norbertho Simone
93362,Ohana Coelli
94081,Pâmella Rafael
39000,Platini Malher
76161,Poline Dobbs
45264,Raíssa Veronese
85264,Ramon Fialho
22995,Reila Yumi
80896,Renato Heloisa
32231,Rhuan Guimãraes
40382,Rodolfo Kalaf
13818,Samantha Quiza
74476,Sandy Rust
60884,Sebastião Perim
23277,Silvana Jose
57470,Silvio Lago
67465,Stephane Palladino
40068,Suellen Sequerra
94557,Tainah Oneto
81735,Talissa Octavio
15363,Tayla Torquato
66026,Taynná Clemente
39416,Thaís Mofati
16342,Thaisa Kubrusly
52424,Thaiz Peron
53939,Thales Brum
13811,Thamara Rosolia
17233,Thayza Serpa
98664,Thuany Nemitz
24989,Valéria Chein
88651,Victoria Elehep
94271,Vito Strauss
99087,Vitor Homem
99749,Vitória Lencastre
69870,Vittorio Crespo
77253,Vívian Galera
52611,Viviane Esquenazi
30675,Vladimir Novellino
53433,Wagner Castello
85976,Walter Neiva
84447,Wen Leite
38734,Yago Strino
88164,Yasmin Bartholo
26272,Zilma Barbolo
69734,Adriano Taylor
61808,Aledio Marculino
96083,Brenda Martinusso
55442,Davi Quemento
48134,Eriko Arslanian
15410,Gabriel Gervazoni
19433,Gil Benfeitas
27300,Isaac Jean
38795,Isabelle Moésia
49441,Katarine Graça
65953,Khaio Meslin
29189,Mateus Corte
52568,Nicolas Velez
18279,Raphael Boiteux
19109,Rosana Jalles
60719,Simone Titonelli
93728,Stela Lerner
25296,Talline Terumi
87986,Adailton Sayuri
66779,Alan Colacino
66550,Alecsander Kohn
47065,Alex Faller
12320,Alexandre Sobral
45367,Alexia Monteiro
33055,Alice Lara
56980,Aline Feliciano
71761,Álvaro Barrocas
14213,Andre Kendra
47000,Andrew Takioche
62786,Anízio Brasileiro
94875,Antonia Gouvêa
68795,Antônio Cuciniello
45754,Antonio Portes
57603,Arnaldo Bueno
42623,Bianca Revelles
68395,Bruno Alberto
56082,Carlos Thaíssa
89433,Cassia Neves
83075,Célio Nobili
66099,César Alvim
72071,Cézar Müller
29847,Christiane Voltes
69016,Cícero Marcelino
63313,Cláudia Fontana
93432,Cláudio Regina
48567,Cynthia El-Jaick
57706,Daiana Menezes
19248,Dalvan Carneiro
10227,Daniela Cucco
67028,Daniele Arias
22599,David Britz
91117,Debora Madureira
65726,Domenik Aline
10600,Douglas Rebouças
80060,Elana Vilas
61316,Elena Consorte
32520,Enrico Liz
86179,Enrique José
60264,Ericka Villar
53737,Fátima Wolguemuth
68304,Flavio Firmo
39067,Gabriella Mesitieri
70349,Geam Veiga
72543,Gisely Paragó
26785,Giuseppe Luara
10702,Gizele Reyna
39647,Gleisy Mizrahy
83233,Hanna Marcello
96086,Heitor Albuquerque
86666,Helena Penteado
51339,Helvio Fróes
87626,Hiago Lutterbach
81691,Higor Bárbara
62622,Hyago Fecha
62239,Iago Lauzana
11512,Ian Carajuru
33498,Ingra Goulart
64366,Isabella Rodine
82588,Itai Constant
66160,Ives Cezar
86860,Jayme Bartolote
36993,Jeferson Benetoli
40698,Jessika Aziz
52596,John Victorio
75644,Jonatas Caetano
47363,Jorge Lavinas
43105,Juann Ziegler
30647,Julie Paixão
51267,Julyana Totti
53475,Karline Gustavo
79457,Karoline Luís
23097,Kimberly Luna
45441,Laís Villela
64171,Leandro Guillermo
72814,Leila Doria
68982,Letícia Lovato
65920,Luã Feitosa
82644,Luan Barrionuevo
60243,Lucas Uenington
29068,Luciana Primo
53949,Luisa Nager
17655,Lyandra Anunciação
75646,Maciela Felipi
80828,Marcele Gabrielle
29274,Marcelo Letícia
67059,Marianne Vannier
86594,Marília Sarria
79885,Marjorie Vargas
23624,Mayara Katz
39268,Micaele Salomão
39634,Michel Duarte
69799,Millena Lobato
86372,Mirian Correa
49628,Murilo Ban
43984,Mylla Heluy
72332,Nathalia Ébani
26716,Nathan Lempee
70309,Nayne Buarque
71846,Nickole Loyola
95868,Nicole Mollica
55187,Nuno Boaventura
14319,Olívia Ellen
64658,Paola Lourenço
80555,Patricia Liberbaum
83538,Patrick Leme
96465,Paula Kalume
58518,Priscila Alice
14899,Rachel Iure
96128,Raíza Nathan
66740,Raquel Kelly
18771,Rebeca Rijo
10039,Rebecca Mac
67840,Renata Baumeier
54448,Rhanna Ognibene
53231,Rodney Fioretti
54742,Rodrigo Beneton
43209,Rômulo Sanches
74650,Samir Rennó
45945,Samuel Barcelos
36281,Sandra Espinosa
29011,Sara Rodrigo
72002,Saranna Helal
88489,Sawlo Levis
59773,Tácio Gracio
57836,Tadeu Portugal
70910,Tatiane Catarina
23832,Tayane Folly
31319,Thalles Ferman
93326,Thamires Hippertt
15073,Thamirez Gameiro
18548,Thauan Bom
28327,Thayli Rotava
68705,Thayna Queiroz
43947,Thays Emmerick
32791,Thiago Zozimo
73784,Tomas Garrido
28981,Ully Bakman
38439,Ursula Kuhlmann
23845,Victória Ciriaco
89911,Wendela Peluso
73776,Wesley Lemos
13240,Wilson Narduche
28290,Yasmine Cantalice
20636,Andréia Cavalca
22130,Beatris Ávila
78571,Cristina Batista
89886,Débora Haimenis
71628,Diego Mazzi
72807,Eduarda Ferrato
49885,Fernando Felix
15107,Francyne Akiama
11247,Gabriela André
93660,Jennifer Rabello
30031,Larissa Buhler
35930,Talita Garambone
85711,Adrielle Fiaes
41420,Agnes Lana
14775,Alberto Moniz
59970,Alessandro Akerman
17000,Alexandra Greco
18917,Allan Evelyn
29192,Ananda Hermes
71339,André Vejarano
82604,Ângelo Vilardo
20179,Ary Peters
69424,Bárbara Bottin
41702,Barbara Laís
82068,Beatriz Casassanta
15129,Bernardo Vaccariello
21561,Betania Vinicius
79933,Bruna Lamosa
26477,Camille Santana
54654,Carina Ferrer
66994,Carolina Lindmeyer
50494,Caroline Tartaroni
43525,Carolini Arêas
53730,Caroll Vita
61505,Chan Gabriela
85202,Christine Malvar
32604,Cinthia Ribas
14948,Clara Losso
93540,Cleberson Ronfini
30402,Constantino Fragoso
61476,Cristiane Raposo
87337,Dandara Tanita
25664,Daniella Peralva
51736,Desirée Acquarone
98527,Deysiane Bezerra
65667,Diana Rebelo
42032,Diogo Grin
71665,Drielly Cassabian
72342,Ébio Leandro
83578,Edjailma Tsuyoshi
53835,Edson Vilhena
80710,Eliane Beznos
73392,Elio Silveira
59800,Emanuella Marinho
84184,Emmanuel Marcolini
81954,Erik Menaged
80993,Ester Bachini
40522,Etiene Centurione
83627,Filipe Marsicano
99794,Flávia Zaban
82402,Francisco Muniz
22502,Gianluca Camilla
57625,Giulia Gualberto
18143,Glaucia Pelegrino
79866,Gleydson Cravo
90929,Guilherme Kale
17667,Henrique Rohr
60316,Hugo Wien
25783,Isabel Altino
43235,Isabela Mothé
38466,Isadora Aiex
82716,Iuri Azevedo
25751,Ivan Villamil
15038,Izabel Brust
14654,Izadora Sara
57058,Jaqueline Passarelli
34175,Joana Salek
77270,Joel Bispo
71782,Jônatas Helt
41403,Jonnathan Maués
57405,Jose Alvarenga
24132,Josefe Fasano
58036,Juan Loureiro
78506,Julia Cappelli
94879,Juliane Morais
89994,Julianna Mancebo
25068,Karine Pettene
81143,Lais Leta
79652,Lenon Harumi
19601,León Allister
48621,Leonardo Clímaco
17935,Lívia Ronck
55857,Lohany Balassiano
10033,Luca Vittoria
12189,Lucca Rottas
69991,Maike Vinícius
22136,Marcela Asenjo
44733,Marcella Villa
69887,Marcus Pires
58155,Maria Resnik
66904,Mariana Vazquez
59641,Mariane Barbutti
57882,Marianna Prado
43055,Marta Placido
33395,Maryanna Monnerat
78949,Maurício Kranz
47300,Mauricio Ladogano
35288,Michele Blanc
99913,Michelle Natalucci
73345,Miguel Sttellet
35331,Milena Hamad
81066,Mylena Tonon
73416,Natalia Gramacho
46726,Natália Milagre
25417,Nattalya Magalhaes
99420,Nélio Iglesias
92640,Nina Lacoste
38319,Nivea Capitulo
31872,Norman Tâmara
20700,Paulo Matsuoka
10337,Philipe Kuszer
35915,Priscilla D'Alessandro
59063,Raissa Donati
62476,Raul Póvoa
32877,Ravena Fuchs
62462,Rayane Jakobsson
60347,Renan El
88224,Roberta Orlando
89456,Roberto Hashimoto
22701,Rogério Ferrari
87387,Rojane Piccinini
66177,Román Leonardo
42469,Rubens Limeira
68661,Rubyson Nogueira
36167,Sarah Leticia
60601,Sofia Li
45218,Soraia Palha
42911,Sthefeson Fuentes
92058,Sylvio Couto
95428,Taila Carelli
93061,Teresa Lisboa
76212,Thadeu Bomfim
62608,Thainá Calassara
70623,Thais Goncalves
99341,Thalita Trinta
61916,Thamiris Cerqueira
53418,Thayná Candreva
24988,Thayssa Smolarek
88013,Thomas Vasconcelos
62871,Thomáz Kopschitz
99380,Thomaz Willkomm
75198,Tiago Vitória
90736,Venan Bittencourt
77835,Vinícius Lucio
50866,Vivianne Terra
19767,Walace Rotsztejn
77379,Wellington Provenzano
43530,Willian Spata
92024,Yan Zaltman
68386,Yasmim Paciencia
25406,Yasmini Friaes
25283,Yohana Victoria
66259,Ysabella Malavolti
51618,Yuri Barbalho
35378,Yuske Gusmão
33965,Audir Avila
42150,Evelyn Rosario
83272,Felipe Grunhauser
46965,Helen Bello
59382,Jeronimo Camara
61634,Laura Biccas
17958,Naiara Fejo
92260,Stella Penalva
40662,Tainara Cisneiros
61078,Victor Medina
39302,Glenda Touriño
10957,Adrian Limoeiro
22259,Adriana Karla
25029,Adrizia Boy
80082,Alecssander Pedroso
64993,Alessandra Barboza
60179,Alon Zamith
21912,Amanda Zahar
54162,Anderson Amarante
38634,Angelo Zanoni
66772,Ariel Campelo
60685,Arthur Ottaiano
51510,Artur Borowicz
33670,Bernard Galdino
94026,Bibiana Mosqueira
67581,Breno Matheus
61811,Carla Vítor
28352,Cecília Corrêa
24662,Christian Mariano
82444,Christiana Madrid
19235,Ciro Helena
43062,Clarissa Cotta
27542,Danilo Cinelli
14898,Dayane Elzi
30773,Denilton Brasil
85258,Dilson Macedo
78898,Eduardo Iago
41599,Elida Huon
83206,Elisa Rita
91232,Emilaine Alencar
53740,Érica César
37163,Érico Goes
29279,Eugênio Berni
72426,Fábio Santo
12396,Fernanda Ornelas
23013,Filippo Vanzo
91905,Fillipe Cruz
59608,Gabrielle Basso
95607,Giovana Letieri
80359,Giovani Raggi
36369,Giovanna Cardozo
19109,Giovanni Moutinho
87880,Giselia Martelo
15778,Gizella Simões
94378,Graziela Pinho
71453,Gustavo Salerno
32817,Haroldo Abreu
80478,Helga Uramm
50560,Helton Schincariol
84269,Hércules Bacelar
66086,Hiaiune Pozzan
87212,Hygor Litza
91553,Iasmim Adriano
78122,Isabelly Pimenta
41356,Ivana Chvaicer
12013,Izabella Badia
80158,Jamile Nacif
56052,Jean Whitaker
92040,Jefferson Pimentel
91483,Jéssica Benício
32218,João Calmon
15042,Joao Tako
17018,Jonas Balbino
80153,Joyce Barcellos
71854,Julio Santiago
10363,Julyanna Yasmin
91641,Kallena Chousa
46638,Karoliny Gaspar
31487,Karollayne Mercês
91811,Katherine Bernhardt
46257,Kelly Rosales
41728,Kim Rigueira
36663,Krissia Lavagnole
84225,Lara Silveirinha
13280,Lázaro Guilhon
86350,Leon E
92131,Lidiane Veríssimo
83342,Lígia Bloise
40373,Lorenzo Scalercio
82441,Ludmila Venâncio
24846,Luis Cajado
42059,Lunna Roças
31710,Maíra Botelho
85137,Manuela Soraia
71604,Marcelly Weyll
21457,Marcio Miguel
91496,Marcos Faustino
30419,Marina Bokehi
73885,Mauro Avvad
55574,Mayná Gabriella
33893,Melissa Theus
68382,Monique Vilaça
30126,Morgana Gitirana
28854,Nathalie Cristian
71366,Nicholas Valiate
98625,Pablo Scaldini
96138,Paloma Stutz
90414,Patrícia Loures
69072,Pedro Cister
20907,Rafael Patrocinio
37676,Rafaela Guimaraes
29860,Rafaella Osório
76366,Raffael Lopez
71183,Raiam Faria
55254,Raiane Vaz
85236,Raianne Victor
47766,Raísa Magalhães
70415,Raiza Russo
70241,Reinaldo Papa
94869,Rene Thury
14787,Ricardo Scandiuzzi
81128,Roger Abrantes
82970,Ruan Melhoranse
71377,Sabrina Abraão
56930,Samara Laurentino
64579,Sandro Espinati
18174,Sergio Filgueiras
37904,Stefan Blanco
74823,Stephanie Velucci
29652,Suely Halinck
30370,Sylvia Yosef
33777,Tainá Baruki
71013,Taís Rayol
13065,Taiza Penna
32017,Tatiana Brotas
59195,Tayna Tribuzy
54236,Thaina Blumgrund
29360,Thárcila Raul
40230,Ulisses Lins
56324,Valentina Orenstein
21118,Valmir Gerhad
98280,Vanessa Riveiro
13632,Verônica Catarino
17204,Vicente Giuntini
55206,Vinicius Sartorio
46582,Vitoria Afonso
59530,Walmyr Temporal
57279,Wendel Naveiro
37017,William Meireles
61146,Yasser Altoé
53003,Ylana Iane
66994,Yohanan Milani
30308,Yve Thome
90293,Geani Rubinstein
13751,Gerald Bitencourt
62950,Izabelle Lacombe
69226,José Zenobio
40661,Nathalya Abramovitz
33548,Pietro Varella
24372,Rilson Goldoni
98122,Suelen Rianelli
67656,Thayane Lucca
47047,Vivian Indio
10281,Natali Giannini